Published,Sentiment Score,Close,High,Low,Open,Volume
2022-01-04,0.7,383.1966552734375,402.6666564941406,374.3500061035156,396.51666259765625,100248300
2022-01-11,0.7,354.79998779296875,358.6166687011719,346.2733459472656,351.22332763671875,66063300
2022-01-13,0.5,343.85333251953125,371.8666687011719,342.17999267578125,369.69000244140625,97209900
2022-01-18,0.5,343.5033264160156,356.92999267578125,338.6866760253906,342.2033386230469,66743400
2022-01-19,0.8,331.8833312988281,351.5566711425781,331.6666564941406,347.2366638183594,75442500
2022-01-20,0.5,332.0899963378906,347.2200012207031,331.3333435058594,336.57666015625,70488600
2022-01-21,0.2,314.6333312988281,334.8500061035156,313.5,332.11334228515625,103416000
2022-02-04,0.8,307.7733459472656,312.1666564941406,293.72332763671875,299.0733337402344,73625400
2022-02-09,0.5,310.6666564941406,315.42333984375,306.6666564941406,311.6666564941406,52259400
2022-02-14,0.4,291.9200134277344,299.6266784667969,284.3833312988281,287.19000244140625,67756500
2022-03-10,0.8,279.4333190917969,284.8166809082031,270.1199951171875,283.8166809082031,58648500
2022-03-15,0.8,267.2966613769531,268.5233459472656,252.19000244140625,258.42333984375,66841200
2022-03-27,0.2,363.9466552734375,365.9599914550781,351.20001220703125,355.0333251953125,102506100
2022-03-31,0.5,359.20001220703125,367.71331787109375,358.8800048828125,364.8566589355469,48992700
2022-04-15,0.5,328.3333435058594,337.57000732421875,327.39666748046875,333.0966796875,58422300
2022-04-26,0.4,292.1400146484375,333.3333435058594,291.6666564941406,331.80999755859375,136133700
2022-04-28,0.4,292.5033264160156,300.0,273.8999938964844,299.99334716796875,124948500
2022-05-03,0.3,303.0833435058594,308.02667236328125,296.1966552734375,301.05999755859375,63709500
2022-05-10,0.7,266.67999267578125,275.1199951171875,258.0833435058594,273.10333251953125,84401700
2022-05-12,0.4,242.6666717529297,253.22000122070312,226.6666717529297,233.6666717529297,140313000
2022-05-14,0.2,256.5299987792969,262.45001220703125,250.52333068847656,257.82666015625,92150700
2022-05-16,0.5,241.4566650390625,256.586669921875,239.69667053222656,255.72000122070312,86098500
2022-07-04,0.2,233.0666656494141,233.14666748046875,216.1666717529297,223.0,84581100
2022-07-20,0.4,247.5,250.663330078125,243.48333740234375,246.78334045410156,88864200
2022-07-21,0.6,271.7066650390625,273.26666259765625,254.86666870117188,255.1066741943359,142032300
2022-08-15,0.7,309.32000732421875,313.1333312988281,301.2300109863281,301.78668212890625,89359200
2022-08-16,0.8,306.5633239746094,314.6666564941406,302.8833312988281,311.6666564941406,88136400
2022-08-17,0.2,303.9966735839844,309.65667724609375,300.0333251953125,303.39666748046875,68766000
2022-09-03,0.75,270.2099914550781,282.3500061035156,269.0799865722656,281.07000732421875,50890100
2022-09-16,0.2,303.3500061035156,303.7099914550781,295.6000061035156,299.6099853515625,87087800
2022-09-23,0.7,275.3299865722656,284.5,272.82000732421875,283.0899963378906,63748400
2022-09-27,0.8,282.94000244140625,288.6700134277344,277.510009765625,283.8399963378906,61925200
2022-09-28,0.8,287.80999755859375,289.0,277.57000732421875,283.0799865722656,54664800
2022-10-11,0.5,216.5,225.75,215.0,220.9499969482422,77013200
2022-10-13,0.8,221.72000122070312,222.9900054931641,206.22000122070312,208.3000030517578,91483000
2022-10-18,0.7,220.19000244140625,229.82000732421875,217.25,229.5,75891900
2022-10-24,0.3,211.25,213.5,198.58999633789065,205.82000732421875,100446800
2022-11-11,0.4,195.97000122070312,196.52000427246097,182.58999633789065,186.0,114403600
2022-11-12,0.6,195.97000122070312,196.52000427246097,182.58999633789065,186.0,114403600
2022-11-14,0.4,190.9499969482422,195.72999572753903,186.33999633789065,192.77000427246097,92226600
2022-11-17,0.5,183.1699981689453,186.16000366210935,180.8999938964844,183.9600067138672,64336000
2022-11-25,0.7,182.86000061035156,185.1999969482422,180.6300048828125,185.05999755859375,50672700
2022-11-26,0.7,182.86000061035156,185.1999969482422,180.6300048828125,185.05999755859375,50672700
2022-11-30,0.1,194.6999969482422,194.7599945068359,180.6300048828125,182.42999267578125,109186400
2022-12-02,0.8,194.86000061035156,196.25,191.11000061035156,191.77999877929688,73645900
2022-12-05,0.8,182.4499969482422,191.27000427246097,180.5500030517578,189.44000244140625,93122700
2022-12-06,0.6,179.82000732421875,183.6499938964844,175.3300018310547,181.22000122070312,92150800
2022-12-09,0.4,179.0500030517578,182.5,173.36000061035156,173.83999633789062,104872300
2022-12-12,0.35,167.82000732421875,177.3699951171875,167.52000427246094,176.10000610351562,109794500
2022-12-15,0.1,157.6699981689453,160.92999267578125,153.27999877929688,153.44000244140625,122334500
2022-12-16,0.4,150.22999572753906,160.99000549316406,150.0399932861328,159.63999938964844,139032200
2022-12-20,0.35,137.8000030517578,148.47000122070312,137.66000366210938,146.0500030517578,159563300
2022-12-21,0.4499999999999999,137.57000732421875,141.25999450683594,135.88999938964844,139.33999633789062,145417400
2022-12-23,0.375,123.1500015258789,128.6199951171875,121.0199966430664,126.37000274658205,166989700
2022-12-26,0.475,109.0999984741211,119.66999816894533,108.76000213623048,117.5,208643400
2022-12-27,0.2,109.0999984741211,119.66999816894533,108.76000213623048,117.5,208643400
2022-12-28,0.3,112.70999908447266,116.2699966430664,108.23999786376952,110.3499984741211,221070500
2022-12-29,0.1999999999999999,121.81999969482422,123.56999969482422,117.5,120.38999938964844,221923300
2022-12-30,0.2125,123.18000030517578,124.4800033569336,119.75,119.9499969482422,157777300
2023-01-01,0.05,123.18000030517578,124.4800033569336,119.75,119.9499969482422,157777300
2023-01-03,0.2,108.0999984741211,118.8000030517578,104.63999938964844,118.47000122070312,231402800
2023-01-04,0.425,113.63999938964844,114.58999633789062,107.5199966430664,109.11000061035156,180389000
2023-01-05,0.2,110.33999633789062,111.75,107.16000366210938,110.51000213623048,157986300
2023-01-06,0.45,113.05999755859376,114.38999938964844,101.80999755859376,103.0,220911100
2023-01-07,0.7,113.05999755859376,114.38999938964844,101.80999755859376,103.0,220911100
2023-01-09,0.2,119.7699966430664,123.5199966430664,117.11000061035156,118.95999908447266,190284000
2023-01-13,0.7,122.4000015258789,122.62999725341795,115.5999984741211,116.5500030517578,180714100
2023-01-19,0.6,127.16999816894533,129.99000549316406,124.30999755859376,127.26000213623048,170291900
2023-01-20,0.0,133.4199981689453,133.50999450683594,127.3499984741211,128.67999267578125,138858100
2023-01-25,0.5,144.42999267578125,146.41000366210938,138.07000732421875,141.91000366210938,192734300
2023-01-27,0.7,177.89999389648438,180.67999267578125,161.1699981689453,162.42999267578125,306590600
2023-01-30,0.4,166.66000366210938,179.77000427246094,166.5,178.0500030517578,230878800
2023-02-06,0.2,194.7599945068359,198.1699981689453,189.9199981689453,193.0099945068359,186188100
2023-02-13,0.4,194.63999938964844,196.3000030517578,187.61000061035156,194.4199981689453,172475500
2023-02-14,0.8,209.25,209.82000732421875,189.44000244140625,191.94000244140625,216455700
2023-02-17,0.4,208.30999755859375,208.44000244140625,197.5,199.9900054931641,213738500
2023-02-19,0.55,208.30999755859375,208.44000244140625,197.5,199.9900054931641,213738500
2023-02-27,0.5,207.6300048828125,209.4199981689453,201.2599945068359,202.02999877929688,161028300
2023-02-28,0.3666666666666667,205.7100067138672,211.22999572753903,203.75,210.58999633789065,153144900
2023-03-01,0.2,202.77000427246097,207.1999969482422,198.52000427246097,206.2100067138672,156852800
2023-03-02,0.7,190.8999938964844,193.75,186.0099945068359,186.7400054931641,181500700
2023-03-03,0.8,197.7899932861328,200.47999572753903,192.8800048828125,194.8000030517578,154193300
2023-03-08,0.2,182.0,186.5,180.0,185.0399932861328,151897800
2023-03-20,0.8,183.25,186.44000244140625,176.35000610351562,178.0800018310547,129684400
2023-03-28,0.65,189.19000244140625,192.3500061035156,185.42999267578125,192.0,98654600
2023-03-31,0.7,207.4600067138672,207.7899932861328,197.1999969482422,197.52999877929688,170222100
2023-04-03,0.1,194.77000427246097,202.69000244140625,192.1999969482422,199.91000366210935,169545900
2023-04-04,0.7,192.5800018310547,198.7400054931641,190.32000732421875,197.32000732421875,126463800
2023-04-13,0.8,185.8999938964844,186.5,180.94000244140625,182.9600067138672,112933000
2023-04-24,0.6,162.5500030517578,165.64999389648438,158.61000061035156,164.64999389648438,140006600
2023-04-28,0.65,164.30999755859375,165.0,157.32000732421875,160.89999389648438,122515800
2023-05-01,0.4,161.8300018310547,163.27999877929688,158.8300018310547,163.1699981689453,109015000
2023-05-08,0.7,171.7899932861328,173.8000030517578,169.19000244140625,173.72000122070312,112249400
2023-05-17,0.8,173.86000061035156,174.5,167.19000244140625,168.41000366210938,125473600
2023-05-25,0.4,184.47000122070312,186.77999877929688,180.5800018310547,186.5399932861328,96870700
2023-06-02,0.5,213.97000122070312,217.25,209.75,210.1499938964844,164129000
2023-06-10,0.05,244.3999938964844,252.4199981689453,242.02000427246097,249.07000732421875,199882300
2023-06-13,0.2,258.7099914550781,259.67999267578125,251.33999633789065,253.5099945068359,162384300
2023-06-16,0.9,260.5400085449219,263.6000061035156,257.2099914550781,258.9200134277344,167563700
2023-06-26,0.6000000000000001,241.0500030517578,258.3699951171875,240.6999969482422,250.07000732421875,179990600
2023-06-28,0.8,256.239990234375,259.8800048828125,248.88999938964844,249.6999969482422,159770800
2023-07-03,0.5,279.82000732421875,284.25,275.1099853515625,276.489990234375,119685900
2023-07-11,0.8,269.7900085449219,270.8999938964844,266.3699951171875,268.6499938964844,91972400
2023-07-15,0.6,281.3800048828125,285.29998779296875,276.30999755859375,277.010009765625,119771100
2023-07-17,0.3,290.3800048828125,292.2300109863281,283.57000732421875,286.6300048828125,131569600
2023-07-20,0.2,262.8999938964844,280.92999267578125,261.20001220703125,279.55999755859375,175158300
2023-07-25,0.5,265.2799987792969,272.8999938964844,265.0,272.3800048828125,112757300
2023-07-26,0.45,264.3500061035156,268.0400085449219,261.75,263.25,95856200
2023-07-27,0.2,255.7100067138672,269.1300048828125,255.3000030517578,268.30999755859375,103697300
2023-07-28,0.8,266.44000244140625,267.25,258.2300109863281,259.8599853515625,111446000
2023-07-30,0.4,267.42999267578125,269.0799865722656,263.7799987792969,267.4800109863281,84582200
2023-08-01,0.9,261.07000732421875,266.4700012207031,260.25,266.260009765625,83166000
2023-08-04,0.2,253.86000061035156,264.7699890136719,253.11000061035156,260.9700012207031,99242600
2023-08-08,0.4,249.6999969482422,250.9199981689453,245.0099945068359,247.4499969482422,96642200
2023-08-10,0.9,245.33999633789065,251.8000030517578,243.0,245.3999938964844,109498600
2023-08-21,0.7,231.27999877929688,232.1300048828125,220.5800018310547,221.5500030517578,135702700
2023-08-25,0.7,238.58999633789065,239.0,230.3500061035156,231.30999755859375,106612200
2023-08-30,0.2,256.8999938964844,260.510009765625,250.58999633789065,254.1999969482422,121988400
2023-09-07,0.5,251.4900054931641,252.80999755859375,243.27000427246097,245.07000732421875,115312900
2023-09-15,0.8,274.3900146484375,278.9800109863281,271.0,277.54998779296875,133422800
2023-09-18,0.7,265.2799987792969,271.44000244140625,263.760009765625,271.1600036621094,101543300
2023-09-20,0.8,262.5899963378906,273.92999267578125,262.4599914550781,267.0400085449219,122514600
2023-09-27,0.4,240.5,245.3300018310547,234.5800018310547,244.2599945068359,136597200
2023-10-03,0.2,246.52999877929688,250.02000427246097,244.4499969482422,248.61000061035156,101985300
2023-10-04,0.75,261.1600036621094,261.8599853515625,247.6000061035156,248.13999938964844,129721600
2023-10-06,0.15,260.5299987792969,261.6499938964844,250.6499938964844,253.97999572753903,117947000
2023-10-11,0.6,262.989990234375,268.6000061035156,260.8999938964844,266.20001220703125,103706300
2023-10-21,0.8,211.9900054931641,218.86000061035156,210.4199981689453,217.0099945068359,137734000
2023-10-23,0.2,212.0800018310547,216.97999572753903,202.5099945068359,210.0,150683400
2023-10-25,0.8,212.4199981689453,220.1000061035156,212.1999969482422,215.8800048828125,107065100
2023-11-07,0.7,222.17999267578125,223.1199951171875,215.72000122070312,219.97999572753903,116900100
2023-11-08,0.2,222.11000061035156,224.1499938964844,217.63999938964844,223.1499938964844,106584800
2023-11-09,0.8,209.97999572753903,220.8000030517578,206.67999267578125,219.75,142110500
2023-11-10,0.3,214.6499938964844,215.3800048828125,205.69000244140625,210.02999877929688,130994000
2023-11-17,0.75,234.3000030517578,237.38999938964844,226.5399932861328,232.0,142532800
2023-12-01,0.3,238.8300018310547,240.19000244140625,231.8999938964844,233.13999938964844,121173500
2023-12-05,0.2,238.72000122070312,246.66000366210935,233.6999969482422,233.8699951171875,137971100
2023-12-06,0.5333333333333333,239.3699951171875,246.57000732421875,239.1699981689453,242.9199981689453,126436200
2023-12-10,0.1,239.7400054931641,243.44000244140625,237.4499969482422,242.7400054931641,97913900
2023-12-12,0.8,237.0099945068359,238.9900054931641,233.8699951171875,238.5500030517578,95328300
2023-12-13,0.2,239.2899932861328,240.3000030517578,228.1999969482422,234.19000244140625,146286300
2023-12-14,0.4,251.0500030517578,253.8800048828125,240.7899932861328,241.22000122070312,160829200
2023-12-17,0.75,252.0800018310547,258.739990234375,251.36000061035156,253.77999877929688,116416500
2023-12-18,0.1,252.0800018310547,258.739990234375,251.36000061035156,253.77999877929688,116416500
2023-12-19,0.4499999999999999,257.2200012207031,258.3399963378906,253.0099945068359,253.47999572753903,106737400
2024-01-01,0.45,248.4199981689453,251.25,244.41000366210935,250.0800018310547,104654200
2024-01-02,0.35,248.4199981689453,251.25,244.41000366210935,250.0800018310547,104654200
2024-01-03,0.6,238.4499969482422,245.67999267578125,236.32000732421875,244.97999572753903,121082600
2024-01-04,0.3,237.92999267578125,242.6999969482422,237.72999572753903,239.25,102629300
2024-01-05,0.7,237.4900054931641,240.1199951171875,234.8999938964844,236.86000061035156,92379400
2024-01-09,0.8,234.9600067138672,238.9600067138672,232.0399932861328,238.11000061035156,96705700
2024-01-10,0.25,233.94000244140625,235.5,231.2899932861328,235.1000061035156,91628500
2024-01-18,0.2,211.8800048828125,217.4499969482422,208.7400054931641,216.8800048828125,108595400
2024-01-19,0.8,212.19000244140625,213.19000244140625,207.55999755859375,209.9900054931641,102095800
2024-01-22,0.35,208.8000030517578,217.8000030517578,206.27000427246097,212.2599945068359,117952500
2024-01-24,0.3333333333333333,207.8300018310547,212.72999572753903,206.77000427246097,211.8800048828125,123369900
2024-01-25,0.2,182.6300048828125,193.0,180.05999755859375,189.6999969482422,198076800
2024-01-26,0.6,183.25,186.77999877929688,182.1000061035156,185.5,107343200
2024-01-30,0.775,191.58999633789065,196.36000061035156,190.61000061035156,195.3300018310547,109982300
2024-02-09,0.8,193.57000732421875,194.1199951171875,189.47999572753903,190.17999267578125,84476300
2024-02-14,0.2,188.7100067138672,188.88999938964844,183.3500061035156,185.3000030517578,81203000
2024-02-15,0.2,200.4499969482422,200.8800048828125,188.86000061035156,189.16000366210935,120831800
2024-02-18,0.5,199.9499969482422,203.1699981689453,197.3999938964844,202.05999755859375,111173600
2024-02-19,0.2,193.7599945068359,198.6000061035156,189.1300048828125,196.1300048828125,104545800
2024-02-22,0.5,197.41000366210935,198.32000732421875,191.36000061035156,194.0,92739500
2024-02-26,0.5,199.3999938964844,201.77999877929688,192.0,192.2899932861328,111747100
2024-02-27,0.35,199.72999572753903,205.6000061035156,198.2599945068359,204.0399932861328,108645400
2024-02-28,0.375,202.0399932861328,205.3000030517578,198.44000244140625,200.4199981689453,99806200
2024-02-29,0.4,201.8800048828125,205.27999877929688,198.4499969482422,204.17999267578125,85907000
2024-03-04,0.475,188.13999938964844,199.75,186.72000122070312,198.72999572753903,134334900
2024-03-05,0.2,180.7400054931641,184.58999633789065,177.57000732421875,183.0500030517578,119660800
2024-03-06,0.2,176.5399932861328,181.5800018310547,173.6999969482422,179.99000549316406,107920900
2024-03-08,0.4333333333333333,175.33999633789062,182.72999572753903,174.6999969482422,181.5,85315300
2024-03-09,0.2,175.33999633789062,182.72999572753903,174.6999969482422,181.5,85315300
2024-03-11,0.7,177.77000427246094,182.8699951171875,174.8000030517578,175.4499969482422,85391500
2024-03-12,0.2,177.5399932861328,179.42999267578125,172.41000366210938,177.77000427246094,87391700
2024-03-14,0.35,162.5,171.1699981689453,160.50999450683594,167.77000427246094,126325700
2024-03-15,0.8,163.57000732421875,165.17999267578125,160.75999450683594,163.16000366210938,96971900
2024-03-17,0.5,173.8000030517578,174.72000122070312,165.89999389648438,170.02000427246094,108214400
2024-03-18,0.775,173.8000030517578,174.72000122070312,165.89999389648438,170.02000427246094,108214400
2024-03-20,0.8,175.66000366210938,176.25,170.82000732421875,173.0,83846700
2024-04-01,0.75,175.22000122070312,176.75,170.2100067138672,176.1699981689453,81562100
2024-04-02,0.475,166.6300048828125,167.69000244140625,163.42999267578125,164.75,116650600
2024-04-03,0.5700000000000001,168.3800048828125,168.82000732421875,163.27999877929688,164.02000427246094,82950100
2024-04-04,0.725,171.11000061035156,177.19000244140625,168.00999450683594,170.07000732421875,123162000
2024-04-05,0.6749999999999999,164.89999389648438,170.86000061035156,160.50999450683594,169.0800018310547,141250700
2024-04-07,0.725,172.97999572753906,174.5,167.7899932861328,169.33999633789062,104423300
2024-04-08,0.42,172.97999572753906,174.5,167.7899932861328,169.33999633789062,104423300
2024-04-10,0.8,171.75999450683594,174.92999267578125,170.00999450683594,173.0399932861328,84532400
2024-04-11,0.7,174.60000610351562,175.8800048828125,168.50999450683594,172.5500030517578,94516000
2024-04-15,0.2,161.47999572753906,170.69000244140625,161.3800048828125,170.24000549316406,100245300
2024-04-16,0.25,157.11000061035156,158.19000244140625,153.75,156.74000549316406,97000000
2024-04-19,0.2,147.0500030517578,150.94000244140625,146.22000122070312,148.97000122070312,86005100
2024-04-22,0.35,142.0500030517578,144.44000244140625,138.8000030517578,140.55999755859375,107097600
2024-04-23,0.35,144.67999267578125,147.25999450683594,141.11000061035156,143.3300018310547,124545100
2024-04-24,0.65,162.1300048828125,167.97000122070312,157.50999450683594,162.83999633789062,181178000
2024-04-26,0.1416666666666667,168.2899932861328,172.1199951171875,166.3699951171875,168.85000610351562,109815700
2024-04-27,0.7,168.2899932861328,172.1199951171875,166.3699951171875,168.85000610351562,109815700
2024-04-29,0.6340000000000001,194.0500030517578,198.8699951171875,184.5399932861328,188.4199981689453,243869700
2024-04-30,0.375,183.27999877929688,190.9499969482422,182.83999633789065,186.97999572753903,127031800
2024-05-02,0.7,180.00999450683594,184.6000061035156,176.02000427246094,182.86000061035156,89148000
2024-05-03,0.3999999999999999,181.19000244140625,184.77999877929688,178.4199981689453,182.1000061035156,75491500
2024-05-04,0.85,181.19000244140625,184.77999877929688,178.4199981689453,182.1000061035156,75491500
2024-05-05,0.2,184.7599945068359,187.55999755859375,182.1999969482422,183.8000030517578,84390300
2024-05-06,0.2,184.7599945068359,187.55999755859375,182.1999969482422,183.8000030517578,84390300
2024-05-08,0.8,174.72000122070312,176.05999755859375,170.14999389648438,171.58999633789062,79969500
2024-05-09,0.0,171.97000122070312,175.6199951171875,171.3699951171875,175.00999450683594,65950300
2024-05-10,0.0,168.47000122070312,173.05999755859375,167.75,173.0500030517578,72627200
2024-05-11,0.55,168.47000122070312,173.05999755859375,167.75,173.0500030517578,72627200
2024-05-13,0.2,171.88999938964844,175.39999389648438,169.0,170.0,67018900
2024-05-14,0.5,177.5500030517578,179.49000549316406,174.07000732421875,174.5,86407400
2024-05-15,0.7,173.99000549316406,180.0,173.11000061035156,179.89999389648438,79663000
2024-05-16,0.2,174.83999633789062,175.7899932861328,171.42999267578125,174.10000610351562,59812200
2024-05-17,0.4,177.4600067138672,179.6300048828125,172.75,173.5500030517578,77445800
2024-05-20,0.67,174.9499969482422,177.75,173.52000427246094,177.55999755859375,61727400
2024-05-21,0.4625,186.6000061035156,186.8800048828125,174.7100067138672,175.50999450683594,115266500
2024-05-22,0.45,180.11000061035156,183.8000030517578,178.1199951171875,182.8500061035156,88313500
2024-05-23,0.425,173.74000549316406,181.8999938964844,173.25999450683594,181.8000030517578,71975500
2024-05-24,0.7,179.24000549316406,180.0800018310547,173.72999572753906,174.83999633789062,65479700
2024-05-25,0.8,179.24000549316406,180.0800018310547,173.72999572753906,174.83999633789062,65479700
2024-05-27,0.9,176.75,178.25,173.16000366210938,176.39999389648438,59736600
2024-05-28,0.4333333333333333,176.75,178.25,173.16000366210938,176.39999389648438,59736600
2024-05-31,0.7,178.0800018310547,180.32000732421875,173.82000732421875,178.5,67314600
2024-06-01,0.1,178.0800018310547,180.32000732421875,173.82000732421875,178.5,67314600
2024-06-03,0.35,176.2899932861328,182.63999938964844,174.49000549316406,178.1300048828125,68568900
2024-06-06,0.5333333333333333,177.94000244140625,179.72999572753906,172.72999572753906,174.60000610351562,69887000
2024-06-07,0.5,177.47999572753906,179.35000610351562,175.5800018310547,176.1300048828125,56244900
2024-06-09,0.7,173.7899932861328,178.57000732421875,173.1699981689453,176.05999755859375,50869700
2024-06-11,0.4583333333333333,170.66000366210938,174.75,167.41000366210938,173.9199981689453,64761900
2024-06-12,0.45,177.2899932861328,180.5500030517578,169.8000030517578,171.1199951171875,90389400
2024-06-13,0.3333333333333333,182.47000122070312,191.0800018310547,181.22999572753903,188.38999938964844,118984100
2024-06-16,0.2,187.44000244140625,188.80999755859375,177.0,177.9199981689453,109786100
2024-06-17,0.2,187.44000244140625,188.80999755859375,177.0,177.9199981689453,109786100
2024-06-18,0.5,184.86000061035156,187.1999969482422,182.3699951171875,186.55999755859375,68982300
2024-06-19,0.7,184.86000061035156,187.1999969482422,182.3699951171875,186.55999755859375,68982300
2024-06-23,0.55,182.5800018310547,188.8000030517578,182.5500030517578,184.97000122070312,61992100
2024-06-24,0.55,182.5800018310547,188.8000030517578,182.5500030517578,184.97000122070312,61992100
2024-06-25,0.75,187.3500061035156,187.97000122070312,182.0099945068359,184.3999938964844,63678300
2024-06-27,0.2,197.4199981689453,198.72000122070312,194.0500030517578,195.1699981689453,72746500
2024-07-01,0.5,209.86000061035156,213.22999572753903,200.8500061035156,201.02000427246097,135691400
2024-07-03,0.4,246.38999938964844,248.3500061035156,234.25,234.55999755859375,166561500
2024-07-09,0.43125,262.3299865722656,265.6099853515625,250.3000030517578,251.0,160210900
2024-07-10,0.75,263.260009765625,267.5899963378906,257.8599853515625,262.79998779296875,128519400
2024-07-14,0.2,252.63999938964844,265.6000061035156,251.72999572753903,255.97000122070312,146912900
2024-07-15,0.2,252.63999938964844,265.6000061035156,251.72999572753903,255.97000122070312,146912900
2024-07-17,0.1,248.5,258.4700012207031,246.17999267578125,252.72999572753903,115584800
2024-07-18,0.2,249.22999572753903,257.1400146484375,247.1999969482422,251.08999633789065,110869000
2024-07-21,0.4,251.5099945068359,253.2100067138672,243.75,244.2100067138672,101225400
2024-07-23,0.45,246.3800048828125,255.7599945068359,245.6300048828125,253.6000061035156,111928200
2024-07-24,0.1538461538461538,215.9900054931641,225.9900054931641,214.7100067138672,225.4199981689453,167942900
2024-07-25,0.1666666666666666,220.25,226.0,216.22999572753903,216.8000030517578,100636500
2024-07-26,0.8,219.8000030517578,222.27999877929688,215.3300018310547,221.19000244140625,94604100
2024-07-30,0.1416666666666667,222.6199951171875,232.41000366210935,220.0,232.25,100560300
2024-07-31,0.31,232.07000732421875,234.67999267578125,226.7899932861328,227.8999938964844,67497000
2024-08-02,0.0666666666666666,207.6699981689453,216.1300048828125,205.77999877929688,214.8800048828125,82880100
2024-08-05,0.05,198.8800048828125,203.8800048828125,182.0,185.22000122070312,100308800
2024-08-06,0.15,200.63999938964844,202.8999938964844,192.6699981689453,200.75,73783900
2024-08-07,0.5666666666666667,191.7599945068359,203.4900054931641,191.47999572753903,200.77000427246097,71159800
2024-08-09,0.42,200.0,200.8800048828125,195.11000061035156,197.0500030517578,58648300
2024-08-10,0.1,200.0,200.8800048828125,195.11000061035156,197.0500030517578,58648300
2024-08-14,0.5833333333333334,201.3800048828125,208.44000244140625,198.75,207.38999938964844,70250000
2024-08-15,0.4,214.13999938964844,215.8800048828125,204.82000732421875,205.02000427246097,89848500
2024-08-19,0.6,222.72000122070312,222.97999572753903,214.08999633789065,217.07000732421875,76435200
2024-08-20,0.4,221.1000061035156,228.22000122070312,219.55999755859375,224.8800048828125,74001200
2024-08-21,0.6833333333333332,223.27000427246097,224.66000366210935,218.86000061035156,222.6699981689453,70146000
2024-08-22,0.8,210.66000366210935,224.8000030517578,210.32000732421875,223.82000732421875,79514500
2024-08-23,0.15,220.32000732421875,221.47999572753903,214.2100067138672,214.4600067138672,81525200
2024-08-24,0.7,220.32000732421875,221.47999572753903,214.2100067138672,214.4600067138672,81525200
2024-08-27,0.2,209.2100067138672,215.66000366210935,206.94000244140625,213.25,62821400
2024-08-28,0.55,205.75,211.83999633789065,202.58999633789065,209.72000122070312,64116400
2024-08-29,0.5,206.27999877929688,214.88999938964844,205.97000122070312,209.8000030517578,62308800
2024-08-30,0.2,214.11000061035156,214.57000732421875,207.02999877929688,208.6300048828125,63370600
2024-08-31,0.8,214.11000061035156,214.57000732421875,207.02999877929688,208.6300048828125,63370600
2024-09-03,0.65,210.6000061035156,219.8999938964844,209.63999938964844,215.2599945068359,76714200
2024-09-04,0.4499999999999999,219.41000366210935,222.22000122070312,210.57000732421875,210.58999633789065,80651800
2024-09-05,0.3999999999999999,230.1699981689453,235.0,222.25,223.4900054931641,119355000
2024-09-06,0.325,210.72999572753903,233.6000061035156,210.5099945068359,232.6000061035156,112177000
2024-09-07,0.8,210.72999572753903,233.6000061035156,210.5099945068359,232.6000061035156,112177000
2024-09-11,0.475,228.1300048828125,228.47000122070312,216.8000030517578,224.5500030517578,83548600
2024-09-12,0.4,229.80999755859375,231.4499969482422,223.8300018310547,224.66000366210935,72020000
2024-09-13,0.675,230.2899932861328,232.6699981689453,226.32000732421875,228.0,59515100
2024-09-14,0.4,230.2899932861328,232.6699981689453,226.32000732421875,228.0,59515100
2024-09-15,0.8,226.77999877929688,229.9600067138672,223.52999877929688,229.3000030517578,54323000
2024-09-16,0.1,226.77999877929688,229.9600067138672,223.52999877929688,229.3000030517578,54323000
2024-09-17,0.75,227.8699951171875,234.57000732421875,226.5500030517578,229.4499969482422,66761600
2024-09-18,0.2,227.1999969482422,235.67999267578125,226.8800048828125,230.08999633789065,78010200
2024-09-19,0.35,243.9199981689453,244.2400054931641,232.1300048828125,234.0,102694600
2024-09-20,0.475,238.25,243.9900054931641,235.9199981689453,241.52000427246097,99879100
2024-09-21,0.4,238.25,243.9900054931641,235.9199981689453,241.52000427246097,99879100
2024-09-22,0.2,250.0,250.0,241.9199981689453,242.61000061035156,86927200
2024-09-24,0.55,254.27000427246097,257.19000244140625,249.0500030517578,254.0800018310547,88491000
2024-09-27,0.2,260.4599914550781,260.70001220703125,254.1199951171875,257.3800048828125,70988100
2024-09-28,0.5,260.4599914550781,260.70001220703125,254.1199951171875,257.3800048828125,70988100
2024-09-30,0.5666666666666667,261.6300048828125,264.8599853515625,255.77000427246097,259.0400085449219,80705700
2024-10-01,0.45,258.0199890136719,263.9800109863281,248.52999877929688,262.6700134277344,87397600
2024-10-02,0.3,249.02000427246097,251.16000366210935,241.5,247.5500030517578,93983900
2024-10-03,0.5083333333333333,240.66000366210935,249.7899932861328,237.80999755859375,244.47999572753903,80729200
2024-10-05,0.2,250.0800018310547,250.9600067138672,244.5800018310547,246.69000244140625,86573200
2024-10-07,0.4833333333333334,240.8300018310547,249.8300018310547,240.6999969482422,249.0,68113300
2024-10-08,0.575,244.5,246.2100067138672,240.55999755859375,243.55999755859375,56303200
2024-10-09,0.8333333333333334,241.0500030517578,247.42999267578125,239.5099945068359,243.82000732421875,66289500
2024-10-10,0.4916666666666667,238.77000427246097,242.7899932861328,232.33999633789065,241.80999755859375,83087100
2024-10-11,0.475,217.8000030517578,223.33999633789065,214.3800048828125,220.1300048828125,142628900
2024-10-12,0.2,217.8000030517578,223.33999633789065,214.3800048828125,220.1300048828125,142628900
2024-10-13,0.2,219.16000366210935,221.91000366210935,213.7400054931641,220.1300048828125,86291900
2024-10-14,0.7,219.16000366210935,221.91000366210935,213.7400054931641,220.1300048828125,86291900
2024-10-15,0.45,219.57000732421875,224.2599945068359,217.1199951171875,220.0099945068359,62988800
2024-10-16,0.75,221.3300018310547,222.82000732421875,218.92999267578125,221.3999938964844,49632800
2024-10-17,0.54,220.88999938964844,222.0800018310547,217.8999938964844,221.58999633789065,50791800
2024-10-18,0.3,220.6999969482422,222.27999877929688,219.22999572753903,220.7100067138672,49611900
2024-10-20,0.2,218.8500061035156,220.47999572753903,215.72999572753903,218.8999938964844,47329000
2024-10-21,0.45,218.8500061035156,220.47999572753903,215.72999572753903,218.8999938964844,47329000
2024-10-22,0.4499999999999999,217.97000122070312,218.22000122070312,215.2599945068359,217.30999755859375,43268700
2024-10-23,0.5277777777777778,213.6499938964844,218.72000122070312,212.11000061035156,217.1300048828125,80938900
2024-10-24,0.6357142857142858,260.4800109863281,262.1199951171875,242.6499938964844,244.67999267578125,204491900
2024-10-25,0.6666666666666666,269.19000244140625,269.489990234375,255.32000732421875,256.010009765625,161611900
2024-10-26,0.5,269.19000244140625,269.489990234375,255.32000732421875,256.010009765625,161611900
2024-10-28,0.4666666666666666,262.510009765625,273.5400085449219,262.239990234375,270.0,107653600
2024-10-29,0.3666666666666666,259.5199890136719,264.9800109863281,255.5099945068359,264.510009765625,80521800
2024-10-30,0.3999999999999999,257.54998779296875,263.3500061035156,255.82000732421875,258.0400085449219,53993600
2024-10-31,0.5666666666666667,249.8500061035156,259.75,249.25,257.989990234375,66575300
2024-11-03,0.55,242.83999633789065,248.8999938964844,238.8800048828125,244.55999755859375,68802400
2024-11-04,0.4,242.83999633789065,248.8999938964844,238.8800048828125,244.55999755859375,68802400
2024-11-05,0.675,251.44000244140625,255.27999877929688,246.2100067138672,247.33999633789065,69282500
2024-11-06,0.7000000000000001,288.5299987792969,289.5899963378906,275.6199951171875,284.6700134277344,165228700
2024-11-07,0.525,296.9100036621094,299.75,285.5199890136719,288.8900146484375,117309200
2024-11-08,0.7,321.2200012207031,328.7099914550781,297.6600036621094,299.1400146484375,204782800
2024-11-09,0.5,321.2200012207031,328.7099914550781,297.6600036621094,299.1400146484375,204782800
2024-11-10,0.7,350.0,358.6400146484375,336.0,346.29998779296875,210521600
2024-11-11,0.6666666666666666,350.0,358.6400146484375,336.0,346.29998779296875,210521600
2024-11-13,0.2,330.239990234375,344.6000061035156,322.5,335.8500061035156,125405600
2024-11-14,0.4583333333333333,311.17999267578125,329.9800109863281,310.3699951171875,327.69000244140625,120726100
2024-11-15,0.4083333333333334,320.7200012207031,324.67999267578125,309.2200012207031,310.57000732421875,114440300
2024-11-18,0.7125,338.739990234375,348.54998779296875,330.010009765625,340.7300109863281,126547500
2024-11-19,0.7,346.0,347.3800048828125,332.75,335.760009765625,88852500
2024-11-20,0.64,342.0299987792969,346.6000061035156,334.29998779296875,345.0,66340700
2024-11-21,0.1833333333333333,339.6400146484375,347.989990234375,335.2799987792969,343.80999755859375,58011700
2024-11-22,0.2,352.55999755859375,361.5299987792969,337.70001220703125,341.0899963378906,89140700
2024-11-24,0.3,338.5899963378906,361.9299926757813,338.20001220703125,360.1400146484375,95890900
2024-11-25,0.7,338.5899963378906,361.9299926757813,338.20001220703125,360.1400146484375,95890900
2024-11-26,0.36,338.2300109863281,346.9599914550781,335.6600036621094,341.0,62295900
2024-11-27,0.8,332.8900146484375,342.54998779296875,326.5899963378906,341.79998779296875,57896400
2024-11-28,0.15,332.8900146484375,342.54998779296875,326.5899963378906,341.79998779296875,57896400
2024-12-02,0.4375,357.0899963378906,360.0,351.1499938964844,352.3800048828125,77986500
2024-12-03,0.45,351.4200134277344,355.69000244140625,348.20001220703125,351.79998779296875,58267200
2024-12-04,0.55,357.92999267578125,358.1000061035156,348.6000061035156,353.0,50810900
2024-12-05,0.4333333333333333,369.489990234375,375.4299926757813,359.5,359.8699951171875,81403600
2024-12-06,0.5499999999999999,389.2200012207031,389.489990234375,370.7999877929687,377.4200134277344,81455800
2024-12-07,0.8,389.2200012207031,389.489990234375,370.7999877929687,377.4200134277344,81455800
2024-12-09,0.5625,389.7900085449219,404.7999877929687,378.010009765625,397.6099853515625,96359200
2024-12-10,0.325,400.989990234375,409.7300109863281,390.8500061035156,392.6799926757813,97563600
2024-12-11,0.425,424.7699890136719,424.8800048828125,402.3800048828125,409.7000122070313,104287600
2024-12-13,0.4,436.2300109863281,436.2999877929687,415.7099914550781,420.0,89000200
2024-12-14,0.35,436.2300109863281,436.2999877929687,415.7099914550781,420.0,89000200
2024-12-15,0.225,463.0199890136719,463.19000244140625,436.1499938964844,441.0899963378906,114083800
2024-12-16,0.435,463.0199890136719,463.19000244140625,436.1499938964844,441.0899963378906,114083800
2024-12-17,0.4666666666666666,479.8599853515625,483.989990234375,457.510009765625,475.8999938964844,131223000
2024-12-18,0.3833333333333333,440.1300048828125,488.5400085449219,427.010009765625,466.5,149340800
2024-12-19,0.45,436.1700134277344,456.3599853515625,420.0199890136719,451.8800048828125,118566100
2024-12-20,0.2625,421.05999755859375,447.0799865722656,417.6400146484375,425.510009765625,132216200
2024-12-23,0.8,430.6000061035156,434.510009765625,415.4100036621094,431.0,72698100
2024-12-26,0.475,454.1300048828125,465.3299865722656,451.0199890136719,465.1600036621094,76366400
2024-12-27,0.6,431.6600036621094,450.0,426.5,449.5199890136719,82666800
2024-12-28,0.2,431.6600036621094,450.0,426.5,449.5199890136719,82666800
2024-12-31,0.5666666666666667,403.8399963378906,427.9299926757813,402.5400085449219,423.7900085449219,76825100
2025-01-01,0.4000000000000001,403.8399963378906,427.9299926757813,402.5400085449219,423.7900085449219,76825100
2025-01-02,0.3461538461538461,379.2799987792969,392.7300109863281,373.0400085449219,390.1000061035156,109710700
2025-01-03,0.4555555555555556,410.44000244140625,411.8800048828125,379.4500122070313,381.4800109863281,95423300
2025-01-04,0.7,410.44000244140625,411.8800048828125,379.4500122070313,381.4800109863281,95423300
2025-01-05,0.6,411.0499877929687,426.4299926757813,401.7000122070313,423.2000122070313,85516500
2025-01-06,0.4285714285714285,411.0499877929687,426.4299926757813,401.7000122070313,423.2000122070313,85516500
2025-01-07,0.4833333333333333,394.3599853515625,414.3299865722656,390.0,405.8299865722656,75699500
2025-01-08,0.4,394.94000244140625,402.5,387.3999938964844,392.9500122070313,73038800
2025-01-09,0.7,394.94000244140625,402.5,387.3999938964844,392.9500122070313,73038800
2025-01-10,0.35,394.739990234375,399.2799987792969,377.2900085449219,391.3999938964844,62287300
2025-01-13,0.3333333333333333,403.30999755859375,403.7900085449219,380.0700073242187,383.2099914550781,67580500
2025-01-14,0.5,396.3599853515625,422.6400146484375,394.5400085449219,414.3399963378906,84565000
2025-01-15,0.5833333333333334,428.2200012207031,429.7999877929687,405.6600036621094,409.8999938964844,81375500
2025-01-16,0.42,413.8200073242187,424.0,409.1300048828125,423.489990234375,68335200
2025-01-17,0.5499999999999999,426.5,439.739990234375,419.75,421.5,94991400
2025-01-19,0.2,426.5,439.739990234375,419.75,421.5,94991400
2025-01-20,0.5666666666666667,424.0700073242187,433.2000122070313,406.30999755859375,432.6400146484375,87320900
2025-01-21,0.5125,424.0700073242187,433.2000122070313,406.30999755859375,432.6400146484375,87320900
2025-01-22,0.45,415.1099853515625,428.0,414.5899963378906,416.80999755859375,60963300
2025-01-23,0.5,412.3800048828125,420.7300109863281,408.9500122070313,416.05999755859375,50690600
2025-01-24,0.275,406.5799865722656,418.8800048828125,405.7799987792969,414.4500122070313,56427100
2025-01-26,0.75,397.1499938964844,406.69000244140625,389.0,394.7999877929687,58125500
2025-01-27,0.7000000000000001,397.1499938964844,406.69000244140625,389.0,394.7999877929687,58125500
2025-01-28,0.6,398.0899963378906,400.5899963378906,386.5,396.9100036621094,48910700
2025-01-29,0.5125000000000001,389.1000061035156,398.5899963378906,384.4800109863281,395.2099914550781,68033600
2025-01-30,0.4666666666666667,400.2799987792969,412.5,384.4100036621094,410.7799987792969,98092900
2025-01-31,0.5388888888888889,404.6000061035156,419.989990234375,401.3399963378906,401.5299987792969,83568200
2025-02-01,0.55,404.6000061035156,419.989990234375,401.3399963378906,401.5299987792969,83568200
2025-02-02,0.3,383.6799926757813,389.1700134277344,374.3599853515625,386.6799926757813,93732100
2025-02-03,0.3727272727272727,383.6799926757813,389.1700134277344,374.3599853515625,386.6799926757813,93732100
2025-02-04,0.4333333333333333,392.2099914550781,394.0,381.3999938964844,382.6300048828125,57072200
2025-02-05,0.425,378.1700134277344,388.3900146484375,375.5299987792969,387.510009765625,57223300
2025-02-06,0.3999999999999999,374.3200073242187,375.3999938964844,363.1799926757813,373.0299987792969,77918200
2025-02-07,0.31875,361.6199951171875,380.5499877929687,360.3399963378906,370.19000244140625,70298300
2025-02-08,0.0,361.6199951171875,380.5499877929687,360.3399963378906,370.19000244140625,70298300
2025-02-09,0.4,350.7300109863281,362.7000122070313,350.510009765625,356.2099914550781,77514900
2025-02-10,0.6,350.7300109863281,362.7000122070313,350.510009765625,356.2099914550781,77514900
2025-02-11,0.4214285714285714,328.5,349.3699951171875,325.1000061035156,345.79998779296875,118543400
2025-02-12,0.3333333333333333,336.510009765625,346.3999938964844,329.1199951171875,329.94000244140625,105382700
2025-02-13,0.3666666666666667,355.94000244140625,358.69000244140625,342.8500061035156,345.0,89441500
2025-02-14,0.41,355.8399963378906,362.0,347.5,360.6199951171875,68277300
2025-02-15,0.2,355.8399963378906,362.0,347.5,360.6199951171875,68277300
2025-02-16,0.2666666666666666,355.8399963378906,362.0,347.5,360.6199951171875,68277300
2025-02-17,0.5,354.1099853515625,359.1000061035156,350.0199890136719,355.010009765625,51631700
2025-02-18,0.4000000000000001,354.1099853515625,359.1000061035156,350.0199890136719,355.010009765625,51631700
2025-02-19,0.5375,360.55999755859375,367.3399963378906,353.6700134277344,354.0,67094400
2025-02-20,0.5473684210526316,354.3999938964844,362.2999877929687,348.0,361.510009765625,45965400
2025-02-21,0.3,337.79998779296875,354.9800109863281,334.4200134277344,353.44000244140625,74058600
2025-02-22,0.475,337.79998779296875,354.9800109863281,334.4200134277344,353.44000244140625,74058600
2025-02-23,0.2,330.5299987792969,342.3999938964844,324.70001220703125,338.1400146484375,76052300
2025-02-24,0.3875,330.5299987792969,342.3999938964844,324.70001220703125,338.1400146484375,76052300
2025-02-25,0.3692307692307692,302.79998779296875,328.8900146484375,297.25,327.0199890136719,134228800
2025-02-26,0.2833333333333333,290.79998779296875,309.0,288.0400085449219,303.7099914550781,100118300
2025-02-27,0.31875,281.95001220703125,297.2300109863281,280.8800048828125,291.1600036621094,101748200
2025-02-28,0.36,292.9800109863281,293.8800048828125,273.6000061035156,279.5,115697000
2025-03-01,0.3666666666666667,292.9800109863281,293.8800048828125,273.6000061035156,279.5,115697000
2025-03-03,0.328125,284.6499938964844,303.94000244140625,277.29998779296875,300.3399963378906,115551400
2025-03-04,0.2363636363636363,272.0400085449219,284.3500061035156,261.8399963378906,270.92999267578125,126706600
2025-03-05,0.5357142857142857,279.1000061035156,279.54998779296875,267.7099914550781,272.9200134277344,94042900
2025-03-06,0.2125,263.45001220703125,272.6499938964844,260.0199890136719,272.05999755859375,98451600
2025-03-07,0.2555555555555555,262.6700134277344,266.25,250.72999572753903,259.32000732421875,102369600
2025-03-08,0.475,262.6700134277344,266.25,250.72999572753903,259.32000732421875,102369600
2025-03-09,0.2875,222.1499938964844,253.3699951171875,220.0,252.5399932861328,189076900
2025-03-10,0.225,222.1499938964844,253.3699951171875,220.0,252.5399932861328,189076900
2025-03-11,0.3346153846153846,230.5800018310547,237.05999755859375,217.02000427246097,225.30999755859375,174896400
2025-03-12,0.4333333333333333,248.08999633789065,251.83999633789065,241.1000061035156,247.22000122070312,142215700
2025-03-13,0.2785714285714286,240.67999267578125,248.2899932861328,232.6000061035156,248.1300048828125,114813500
2025-03-14,0.4107142857142857,249.97999572753903,251.5800018310547,240.72999572753903,247.30999755859375,100242300
2025-03-15,0.2,249.97999572753903,251.5800018310547,240.72999572753903,247.30999755859375,100242300
2025-03-16,0.625,238.0099945068359,245.3999938964844,232.8000030517578,245.05999755859375,111900600
2025-03-17,0.4147058823529411,238.0099945068359,245.3999938964844,232.8000030517578,245.05999755859375,111900600
2025-03-18,0.2983870967741935,225.30999755859375,230.1000061035156,222.27999877929688,228.16000366210935,111477600
2025-03-19,0.3972222222222222,235.86000061035156,241.41000366210935,229.1999969482422,231.61000061035156,111993800
2025-03-20,0.2267241379310345,236.2599945068359,238.0,230.0500030517578,233.3500061035156,99028300
2025-03-21,0.306,248.7100067138672,249.52000427246097,234.5500030517578,234.9900054931641,132728700
2025-03-22,0.4954545454545455,248.7100067138672,249.52000427246097,234.5500030517578,234.9900054931641,132728700
2025-03-23,0.4666666666666666,278.3900146484375,278.6400146484375,256.3299865722656,258.0799865722656,169079900
2025-03-24,0.5232258064516129,278.3900146484375,278.6400146484375,256.3299865722656,258.0799865722656,169079900
2025-03-25,0.4340909090909091,288.1400146484375,288.20001220703125,271.2799987792969,283.6000061035156,150361500
2025-03-26,0.4125,272.05999755859375,284.8999938964844,266.510009765625,282.6600036621094,153629800
2025-03-27,0.353125,273.1300048828125,291.8500061035156,271.82000732421875,272.4800109863281,162572100
2025-03-28,0.4,263.54998779296875,276.1000061035156,260.57000732421875,275.5799865722656,123809400
2025-03-29,0.4599999999999999,263.54998779296875,276.1000061035156,260.57000732421875,275.5799865722656,123809400
2025-03-30,0.5166666666666667,259.1600036621094,260.55999755859375,243.36000061035156,249.30999755859375,134008900
2025-03-31,0.4147058823529411,259.1600036621094,260.55999755859375,243.36000061035156,249.30999755859375,134008900
2025-04-01,0.4770833333333333,268.4599914550781,277.45001220703125,259.25,263.79998779296875,146486900
2025-04-02,0.3555555555555555,282.760009765625,284.989990234375,251.27000427246097,254.6000061035156,212787800
2025-04-03,0.31875,267.2799987792969,276.29998779296875,261.510009765625,265.2900085449219,136174300
2025-04-04,0.38125,239.42999267578125,261.0,236.0,255.3800048828125,181229400
2025-04-05,0.4375,239.42999267578125,261.0,236.0,255.3800048828125,181229400
2025-04-06,0.44,233.2899932861328,252.0,214.25,223.77999877929688,183453800
2025-04-07,0.4175,233.2899932861328,252.0,214.25,223.77999877929688,183453800
2025-04-08,0.3833333333333333,221.86000061035156,250.44000244140625,217.8000030517578,245.0,171603500
2025-04-09,0.4038461538461538,272.20001220703125,274.69000244140625,223.8800048828125,224.69000244140625,219433400
2025-04-10,0.3923076923076923,252.3999938964844,262.489990234375,239.3300018310547,260.0,181722600
2025-04-11,0.436,252.30999755859375,257.739990234375,241.36000061035156,251.83999633789065,128948100
2025-04-12,0.415,252.30999755859375,257.739990234375,241.36000061035156,251.83999633789065,128948100
2025-04-13,0.43125,252.3500061035156,261.79998779296875,245.92999267578125,258.3599853515625,100135200
2025-04-14,0.5596428571428571,252.3500061035156,261.79998779296875,245.92999267578125,258.3599853515625,100135200
2025-04-15,0.4753846153846153,254.11000061035156,258.75,247.5399932861328,249.91000366210935,79594300
2025-04-16,0.4389473684210526,241.5500030517578,251.97000122070312,233.88999938964844,247.61000061035156,112378700
2025-04-17,0.23,241.3699951171875,244.33999633789065,237.67999267578125,243.47000122070312,83404800
